,15˚C,20˚C,25˚C,no FUdR at 20˚C,with FUdR at 20˚C,no manipulation at 15˚C,with any manipulation at 15˚C,no manipulation at 20˚C,with manipulation at 20˚C,no manipulation at 25˚C,with manipulation at 25˚C,Everyday manipulation at 20˚C,Every 2-3 day manipulation at 20˚C,no manipulation no FUdR at 20˚C,no manipulation with FUdR at 20˚C,with manipulation no FUdR at 20˚C,with manipulation with FUdR at 20˚C,USA,China,Germany,Rep. of Korea,Japan,CA,MA,NY,WA,TX,MI
0,30.7,21.9,13.6,21.9,16.88,29.89,,14.28,15.0,14.0,13.5,11.66,14.3,14.28,17.5,14.28,17.5,21.9,15.47,18.0,12.3,16.5,14.5,20.44,17.18,26.1,17.05,14.8
1,20.3,19.0,13.3,19.0,17.5,26.65,,14.8,12.3,13.38,14.24,15.57,18.4,14.8,14.31,14.8,14.31,14.8,14.1,21.6,13.5,22.0,13.0,13.6,17.0,22.1,18.4,18.4
2,29.89,15.47,19.7,15.47,14.31,11.0,,13.0,14.1,11.5,17.3,16.5,18.98,13.0,20.7,13.0,20.7,14.5,14.3,18.3175,21.0,14.5,19.6,17.0,14.24,24.2,15.0,18.98
3,26.65,18.0,19.49,18.0,20.7,17.52,,17.18,13.5,11.56,13.66,18.4,16.7,17.18,20.03,17.18,20.03,16.58,20.13,21.8,21.6,22.5,21.699,12.0,13.2,21.1,13.31,21.48
4,36.21,15.0,14.0,15.0,18.03,34.2,,17.0,21.0,12.56,20.23,16.8,16.7,17.0,19.96,17.0,19.96,13.0,16.94,17.11,16.52,11.1,18.0,18.1,16.96,13.0,17.0,20.47
5,11.0,14.28,20.23,14.28,17.23,,,19.7,8.32,15.2,20.0,16.0,15.6,19.7,15.59,19.7,15.59,17.18,8.32,21.1,11.76,11.7,15.08,19.2,11.02,17.4,21.7,18.98
6,17.52,12.3,20.0,12.3,24.9,,,22.3,20.524,15.8,15.67,12.0,14.8,22.3,14.09,22.3,14.09,17.05,15.61,20.524,18.46,19.6,18.7,18.2,18.18,,18.0,18.07
7,20.0,11.66,15.67,11.66,20.03,,,21.48,17.05,10.59,12.8,10.0,13.89,21.48,21.9,21.48,21.9,22.91,17.5,15.57,11.8,22.7,19.79,18.9,16.0,,17.57,12.7
8,34.2,14.1,13.38,14.1,17.64,,,20.47,21.699,14.38,17.33,11.85,13.7,20.47,16.98,20.47,16.98,18.4,17.23,20.7,20.13,23.2,16.7,13.8,12.0,,12.18,19.5
9,,14.28,11.5,14.28,19.96,,,18.98,11.76,15.11,15.4,10.58,16.56,18.98,19.0,18.98,19.0,19.6,19.7,15.92,15.71,28.9,16.7,17.8,10.0,,11.0,17.0
10,,13.5,11.56,13.5,17.3,,,15.91,22.0,16.1,19.7,9.05,29.4,15.91,18.3,15.91,18.3,21.699,15.91,22.6,9.5,26.9,18.7,17.6,11.85,,,15.59
11,,21.0,12.56,21.0,17.3,,,16.2,11.8,19.1,19.49,7.56,15.9,16.2,7.3,16.2,7.3,18.4,20.0,24.1,14.9,20.6,18.3,19.3,10.58,,,21.1
12,,21.6,11.83,21.6,16.497,,,14.6,15.08,12.41,,14.25,18.4,14.6,13.5,14.6,13.5,18.98,18.0,17.7,18.3,15.12,17.9,16.8,9.05,,,
13,,18.3175,14.1,18.3175,13.89,,,20.44,12.4,7.0,,23.0,17.83,20.44,21.1,20.44,21.1,18.7,15.7,19.0,17.9,20.0,19.6,29.4,7.56,,,
14,,14.8,12.8,14.8,28.9,,,15.82,11.1,8.75,,21.3,12.65,15.82,18.78,15.82,18.78,21.48,16.0,22.3,19.3,20.0,21.5,15.9,16.6,,,
15,,21.8,17.33,21.8,15.59,,,18.7,11.7,,,14.33,12.156,18.7,21.7,18.7,21.7,20.47,20.0,22.53,13.8,16.3,18.736,,17.23,,,
16,,14.3,15.2,14.3,14.09,,,15.0,18.736,,,17.0,,15.0,18.8,15.0,18.8,18.98,18.4,13.66,18.3,14.63,18.59,,24.9,,,
17,,21.6,15.8,21.6,21.9,,,17.0,18.59,,,15.3,,17.0,18.1,17.0,18.1,15.2,16.6,18.7,21.0,18.9,19.5,,17.78,,,
18,,20.13,10.59,20.13,16.98,,,18.0,16.4,,,13.4,,18.0,20.6,18.0,20.6,18.0,16.71,16.8,20.7,34.8,19.9,,20.91,,,
19,,17.11,14.09,17.11,26.9,,,21.2,16.2,,,20.8,,21.2,15.12,21.2,15.12,20.44,24.0,19.0,19.7,20.84,15.8,,11.58,,,
20,,21.1,14.38,21.1,19.0,,,19.79,15.8,,,11.1,,19.79,18.2,19.79,18.2,15.08,9.13,22.1,15.96,31.5,14.33,,14.3,,,
21,,16.52,15.11,16.52,18.3,,,13.31,18.4,,,9.13,,13.31,17.0,13.31,17.0,18.7,9.13,24.0,12.65,29.8,15.0,,15.1,,,
22,,15.93,16.1,15.93,7.3,,,13.2,16.36,,,9.13,,13.2,20.0,13.2,20.0,15.0,9.33,24.0,16.3,,20.7,,,,,
23,,14.5,13.5,14.5,13.5,,,13.66,19.6,,,9.33,,13.66,13.8,13.66,13.8,17.0,10.78,24.0,,,18.02,,,,,
24,,16.58,14.24,16.58,19.018,,,17.2,13.6,,,10.78,,17.2,18.1,17.2,18.1,18.0,8.36,14.25,,,15.1,,,,,
25,,13.0,14.4,13.0,17.9,,,15.9,21.33,,,8.36,,15.9,20.0,15.9,20.0,15.9,7.64,15.3,,,16.6,,,,,
26,,16.94,15.4,16.94,19.3,,,15.9,19.4,,,7.64,,15.9,15.4,15.9,15.4,16.2,18.06,20.8,,,16.9,,,,,
27,,17.18,19.1,17.18,16.34,,,15.9,24.0,,,19.5,,15.9,15.1,15.9,15.1,19.79,17.18,18.7,,,14.8,,,,,
28,,17.2,12.41,17.2,17.0,,,15.9,14.4,,,17.0,,15.9,18.3,15.9,18.3,13.31,20.13,16.7,,,17.5,,,,,
29,,8.32,7.0,8.32,13.7,,,26.1,16.8,,,16.9,,26.1,20.6,26.1,20.6,16.7,18.0,20.9,,,19.0,,,,,
30,,20.524,8.75,20.524,21.1,,,18.7,9.5,,,14.9,,18.7,19.76,18.7,19.76,16.7,18.03,17.39,,,17.2,,,,,
31,,15.57,17.0,15.57,18.78,,,18.3,18.7,,,17.39,,18.3,20.41,18.3,20.41,14.24,20.03,23.0,,,17.3,,,,,
32,,15.61,15.9,15.61,21.7,,,17.9,19.0,,,18.49,,17.9,21.1,17.9,21.1,13.2,17.64,21.0,,,21.5,,,,,
33,,17.0,17.3,17.0,18.64,,,15.7,15.2,,,28.9,,15.7,16.37,15.7,16.37,12.4,19.96,18.78,,,20.56,,,,,
34,,15.3,13.66,15.3,18.8,,,15.71,17.18,,,26.9,,15.71,18.495,15.71,18.495,15.9,17.3,18.8,,,19.33,,,,,
35,,16.5,,16.5,18.1,,,19.6,18.0,,,17.2,,19.6,19.33,19.6,19.33,15.9,17.3,15.1,,,17.76,,,,,
36,,20.7,,20.7,20.6,,,21.5,17.69,,,15.47,,21.5,14.63,21.5,14.63,15.9,16.98,17.6,,,19.6,,,,,
37,,17.05,,17.05,19.2,,,18.7,16.88,,,19.478,,18.7,18.9,18.7,18.9,15.9,19.018,18.1,,,11.4,,,,,
38,,15.92,,15.92,19.0,,,16.0,17.3,,,17.54,,16.0,18.0,16.0,18.0,26.1,16.34,18.5,,,16.4,,,,,
39,,21.44,,21.44,15.12,,,10.87,19.018,,,13.64,,10.87,17.76,10.87,17.76,18.7,20.0,,,,19.2,,,,,
40,,22.6,,22.6,18.2,,,19.5,17.78,,,21.32,,19.5,21.0,19.5,21.0,18.3,18.9,,,,19.2,,,,,
41,,20.85,,20.85,17.0,,,19.9,20.0,,,22.0,,19.9,17.8,19.9,17.8,17.9,11.73,,,,31.6,,,,,
42,,22.91,,22.91,17.78,,,16.71,18.48,,,18.5,,16.71,20.84,16.71,20.84,18.3,18.3,,,,19.6,,,,,
43,,24.1,,24.1,20.0,,,24.2,20.14,,,17.0,,24.2,17.6,24.2,17.6,19.6,20.6,,,,13.78,,,,,
44,,17.7,,17.7,18.656,,,18.02,12.3,,,,,18.02,19.3,18.02,19.3,21.5,19.76,,,,21.0,,,,,
45,,19.0,,19.0,13.8,,,12.7,20.91,,,,,12.7,15.506,12.7,15.506,16.96,18.2,,,,13.2,,,,,
46,,18.4,,18.4,18.9,,,14.8,11.58,,,,,14.8,14.3,14.8,14.3,11.02,18.48,,,,17.2,,,,,
47,,19.6,,19.6,17.2,,,20.9,19.7,,,,,20.9,14.943,20.9,14.943,18.18,19.446,,,,,,,,,
48,,21.699,,21.699,18.1,,,18.06,23.2,,,,,18.06,31.5,18.06,31.5,18.736,19.072,,,,,,,,,
49,,22.0,,22.0,20.0,,,12.0,14.3,,,,,12.0,14.95,12.0,14.95,10.87,20.41,,,,,,,,,
50,,11.76,,11.76,20.0,,,21.0,17.04,,,,,21.0,7.0,21.0,7.0,22.1,26.0,,,,,,,,,
51,,19.7,,19.7,15.4,,,17.5,12.18,,,,,14.28,17.57,14.28,17.57,16.0,22.0,,,,,,,,,
52,,17.5,,17.5,15.1,,,14.31,11.0,,,,,19.6,15.1,19.6,15.1,12.0,19.478,,,,,,,,,
53,,22.3,,22.3,19.01,,,20.7,15.3,,,,,24.71,26.9,24.71,26.9,10.0,15.506,,,,,,,,,
54,,22.53,,22.53,18.9,,,20.03,20.56,,,,,21.0,27.5,21.0,27.5,11.85,19.0,,,,,,,,,
55,,18.4,,18.4,11.73,,,19.96,19.6,,,,,19.0,13.2,19.0,13.2,10.58,21.667,,,,,,,,,
56,,18.98,,18.98,18.3,,,15.59,21.0,,,,,21.3,16.3,21.3,16.3,9.05,23.892,,,,,,,,,
57,,22.0,,22.0,20.6,,,14.09,25.83,,,,,14.5,16.0,14.5,16.0,7.56,17.54,,,,,,,,,
58,,22.9,,22.9,19.76,,,21.9,11.66,,,,,17.74,29.8,17.74,29.8,18.59,13.64,,,,,,,,,
59,,17.23,,17.23,18.2,,,16.98,15.57,,,,,22.8,17.2,22.8,17.2,28.65,17.04,,,,,,,,,
60,,19.7,,19.7,18.3,,,19.0,16.5,,,,,15.257,15.6,15.257,15.6,19.5,13.66,,,,,,,,,
61,,14.5,,14.5,17.3,,,18.3,18.4,,,,,17.0,12.8,17.0,12.8,19.9,25.83,,,,,,,,,
62,,22.5,,22.5,21.5,,,7.3,16.8,,,,,13.69,20.1,13.69,20.1,16.4,,,,,,,,,,
63,,18.46,,18.46,18.48,,,13.5,16.0,,,,,,18.4,,18.4,16.2,,,,,,,,,,
64,,18.7,,18.7,20.14,,,21.1,12.0,,,,,,18.8,,18.8,15.8,,,,,,,,,,
65,,22.0,,22.0,13.8,,,18.78,10.0,,,,,,28.3,,28.3,14.33,,,,,,,,,,
66,,18.6,,18.6,16.3,,,21.7,11.85,,,,,,24.9,,24.9,15.0,,,,,,,,,,
67,,15.0,,15.0,19.446,,,18.8,10.58,,,,,,20.0,,20.0,24.2,,,,,,,,,,
68,,21.48,,21.48,20.41,,,18.1,9.05,,,,,,14.73,,14.73,20.7,,,,,,,,,,
69,,20.47,,20.47,20.56,,,20.6,7.56,,,,,,19.5,,19.5,18.07,,,,,,,,,,
70,,18.98,,18.98,21.1,,,15.12,14.25,,,,,,14.5,,14.5,13.6,,,,,,,,,,
71,,15.91,,15.91,12.3,,,18.2,23.0,,,,,,20.2,,20.2,12.7,,,,,,,,,,
72,,20.0,,20.0,16.37,,,17.0,21.3,,,,,,20.9,,20.9,18.02,,,,,,,,,,
73,,16.2,,16.2,18.495,,,20.0,14.33,,,,,,,,,13.4,,,,,,,,,,
74,,18.0,,18.0,20.91,,,13.8,17.0,,,,,,,,,14.4,,,,,,,,,,
75,,14.6,,14.6,11.58,,,18.1,15.3,,,,,,,,,15.1,,,,,,,,,,
76,,11.8,,11.8,16.56,,,20.0,13.4,,,,,,,,,12.7,,,,,,,,,,
77,,15.2,,15.2,19.33,,,15.4,20.8,,,,,,,,,14.8,,,,,,,,,,
78,,18.0,,18.0,14.63,,,15.1,11.1,,,,,,,,,17.0,,,,,,,,,,
79,,20.44,,20.44,19.072,,,18.3,9.13,,,,,,,,,15.2,,,,,,,,,,
80,,15.82,,15.82,18.9,,,20.6,9.13,,,,,,,,,19.5,,,,,,,,,,
81,,15.08,,15.08,18.0,,,19.76,9.33,,,,,,,,,17.0,,,,,,,,,,
82,,18.7,,18.7,17.76,,,20.41,10.78,,,,,,,,,16.6,,,,,,,,,,
83,,15.0,,15.0,20.41,,,21.1,8.36,,,,,,,,,16.9,,,,,,,,,,
84,,17.0,,17.0,34.8,,,16.37,7.64,,,,,,,,,16.6,,,,,,,,,,
85,,18.0,,18.0,21.0,,,18.495,19.5,,,,,,,,,12.0,,,,,,,,,,
86,,25.0,,25.0,26.0,,,19.33,17.0,,,,,,,,,14.8,,,,,,,,,,
87,,21.2,,21.2,12.79,,,14.63,16.9,,,,,,,,,17.5,,,,,,,,,,
88,,15.9,,15.9,17.8,,,18.9,14.9,,,,,,,,,20.7,,,,,,,,,,
89,,16.2,,16.2,19.6,,,18.0,17.39,,,,,,,,,17.23,,,,,,,,,,
90,,18.8,,18.8,11.4,,,17.76,18.49,,,,,,,,,24.9,,,,,,,,,,
91,,19.79,,19.79,22.0,,,21.0,28.9,,,,,,,,,15.59,,,,,,,,,,
92,,13.31,,13.31,20.7,,,17.8,26.9,,,,,,,,,13.5,,,,,,,,,,
93,,14.28,,14.28,20.84,,,20.84,17.2,,,,,,,,,17.0,,,,,,,,,,
94,,16.7,,16.7,16.4,,,17.6,15.47,,,,,,,,,21.1,,,,,,,,,,
95,,16.7,,16.7,19.2,,,19.3,19.478,,,,,,,,,21.7,,,,,,,,,,
96,,17.8,,17.8,19.2,,,15.506,17.54,,,,,,,,,18.1,,,,,,,,,,
97,,17.1,,17.1,18.18,,,14.3,13.64,,,,,,,,,19.2,,,,,,,,,,
98,,17.4,,17.4,17.6,,,14.943,21.32,,,,,,,,,19.0,,,,,,,,,,
99,,17.4,,17.4,19.3,,,31.5,22.0,,,,,,,,,18.2,,,,,,,,,,
100,,14.1,,14.1,15.47,,,14.95,18.5,,,,,,,,,17.78,,,,,,,,,,
101,,15.78,,15.78,20.1,,,7.0,17.0,,,,,,,,,18.9,,,,,,,,,,
102,,14.24,,14.24,19.478,,,17.57,25.0,,,,,,,,,17.2,,,,,,,,,,
103,,15.87,,15.87,19.7,,,15.1,17.8,,,,,,,,,18.1,,,,,,,,,,
104,,13.2,,13.2,14.3,,,26.9,17.1,,,,,,,,,17.3,,,,,,,,,,
105,,13.66,,13.66,15.1,,,27.5,17.4,,,,,,,,,21.5,,,,,,,,,,
106,,12.4,,12.4,15.506,,,13.2,17.4,,,,,,,,,13.8,,,,,,,,,,
107,,17.2,,17.2,15.96,,,16.3,14.1,,,,,,,,,20.56,,,,,,,,,,
108,,15.9,,15.9,16.2,,,16.0,15.78,,,,,,,,,21.1,,,,,,,,,,
109,,15.9,,15.9,14.3,,,29.8,14.24,,,,,,,,,12.3,,,,,,,,,,
110,,15.9,,15.9,14.943,,,17.2,15.0,,,,,,,,,20.91,,,,,,,,,,
111,,15.9,,15.9,17.6,,,14.28,12.7,,,,,,,,,11.58,,,,,,,,,,
112,,26.1,,26.1,31.5,,,19.6,22.7,,,,,,,,,19.33,,,,,,,,,,
113,,18.7,,18.7,19.0,,,24.71,23.2,,,,,,,,,18.0,,,,,,,,,,
114,,18.3,,18.3,14.0,,,21.0,16.6,,,,,,,,,17.76,,,,,,,,,,
115,,17.9,,17.9,16.8,,,19.0,19.446,,,,,,,,,17.8,,,,,,,,,,
116,,15.7,,15.7,21.667,,,21.3,34.8,,,,,,,,,19.6,,,,,,,,,,
117,,20.13,,20.13,23.892,,,14.5,26.0,,,,,,,,,11.4,,,,,,,,,,
118,,15.71,,15.71,19.0,,,17.74,17.6,,,,,,,,,16.4,,,,,,,,,,
119,,18.3,,18.3,23.2,,,22.8,16.8,,,,,,,,,19.2,,,,,,,,,,
120,,19.6,,19.6,29.4,,,15.257,19.0,,,,,,,,,19.2,,,,,,,,,,
121,,21.5,,21.5,13.0,,,17.0,13.0,,,,,,,,,17.6,,,,,,,,,,
122,,18.7,,18.7,15.9,,,13.69,18.1,,,,,,,,,19.3,,,,,,,,,,
123,,16.8,,16.8,22.01,,,15.6,31.6,,,,,,,,,20.1,,,,,,,,,,
124,,11.1,,11.1,18.4,,,12.8,13.66,,,,,,,,,14.3,,,,,,,,,,
125,,11.7,,11.7,18.1,,,20.1,14.3,,,,,,,,,15.1,,,,,,,,,,
126,,19.0,,19.0,17.83,,,18.4,18.4,,,,,,,,,14.0,,,,,,,,,,
127,,16.96,,16.96,20.8,,,18.8,18.98,,,,,,,,,16.8,,,,,,,,,,
128,,11.02,,11.02,12.65,,,28.3,16.7,,,,,,,,,19.0,,,,,,,,,,
129,,18.18,,18.18,14.95,,,24.9,16.7,,,,,,,,,23.2,,,,,,,,,,
130,,16.0,,16.0,17.54,,,20.0,15.6,,,,,,,,,29.4,,,,,,,,,,
131,,18.736,,18.736,13.64,,,14.73,14.8,,,,,,,,,13.0,,,,,,,,,,
132,,10.87,,10.87,14.3,,,19.5,13.89,,,,,,,,,15.9,,,,,,,,,,
133,,22.1,,22.1,7.0,,,14.5,13.7,,,,,,,,,18.4,,,,,,,,,,
134,,16.0,,16.0,17.04,,,20.2,16.56,,,,,,,,,14.95,,,,,,,,,,
135,,12.0,,12.0,18.0,,,20.9,29.4,,,,,,,,,21.32,,,,,,,,,,
136,,10.0,,10.0,15.0,,,,15.9,,,,,,,,,17.57,,,,,,,,,,
137,,11.85,,11.85,21.32,,,,18.4,,,,,,,,,31.6,,,,,,,,,,
138,,10.58,,10.58,17.57,,,,17.83,,,,,,,,,12.18,,,,,,,,,,
139,,9.05,,9.05,31.6,,,,12.65,,,,,,,,,11.0,,,,,,,,,,
140,,7.56,,7.56,13.66,,,,12.156,,,,,,,,,15.3,,,,,,,,,,
141,,18.59,,18.59,12.18,,,,18.46,,,,,,,,,19.6,,,,,,,,,,
142,,22.1,,22.1,11.0,,,,18.6,,,,,,,,,13.78,,,,,,,,,,
143,,28.65,,28.65,15.3,,,,17.0,,,,,,,,,26.9,,,,,,,,,,
144,,20.0,,20.0,14.4,,,,24.9,,,,,,,,,27.5,,,,,,,,,,
145,,19.5,,19.5,22.0,,,,20.7,,,,,,,,,21.0,,,,,,,,,,
146,,19.9,,19.9,20.56,,,,17.6,,,,,,,,,13.2,,,,,,,,,,
147,,16.4,,16.4,19.6,,,,20.0,,,,,,,,,17.4,,,,,,,,,,
148,,16.2,,16.2,15.1,,,,22.0,,,,,,,,,16.0,,,,,,,,,,
149,,15.8,,15.8,13.78,,,,21.0,,,,,,,,,17.2,,,,,,,,,,
150,,15.0,,15.0,26.9,,,,22.53,,,,,,,,,,,,,,,,,,,
151,,24.0,,24.0,27.5,,,,15.87,,,,,,,,,,,,,,,,,,,
152,,24.0,,24.0,21.0,,,,18.03,,,,,,,,,,,,,,,,,,,
153,,24.0,,24.0,12.156,,,,16.4,,,,,,,,,,,,,,,,,,,
154,,14.25,,14.25,25.83,,,,19.2,,,,,,,,,,,,,,,,,,,
155,,23.0,,23.0,13.2,,,,19.2,,,,,,,,,,,,,,,,,,,
156,,21.3,,21.3,17.4,,,,14.4,,,,,,,,,,,,,,,,,,,
157,,14.6,,14.6,17.6,,,,21.1,,,,,,,,,,,,,,,,,,,
158,,18.4,,18.4,20.0,,,,16.52,,,,,,,,,,,,,,,,,,,
159,,14.33,,14.33,22.0,,,,22.0,,,,,,,,,,,,,,,,,,,
160,,16.6,,16.6,21.0,,,,20.7,,,,,,,,,,,,,,,,,,,
161,,16.71,,16.71,16.3,,,,20.41,,,,,,,,,,,,,,,,,,,
162,,16.36,,16.36,16.0,,,,18.0,,,,,,,,,,,,,,,,,,,
163,,19.6,,19.6,18.5,,,,15.0,,,,,,,,,,,,,,,,,,,
164,,21.5,,21.5,17.0,,,,17.2,,,,,,,,,,,,,,,,,,,
165,,15.0,,15.0,29.8,,,,14.6,,,,,,,,,,,,,,,,,,,
166,,17.0,,17.0,17.2,,,,18.07,,,,,,,,,,,,,,,,,,,
167,,24.2,,24.2,,,,,21.667,,,,,,,,,,,,,,,,,,,
168,,20.7,,20.7,,,,,23.892,,,,,,,,,,,,,,,,,,,
169,,18.07,,18.07,,,,,16.497,,,,,,,,,,,,,,,,,,,
170,,13.6,,13.6,,,,,18.18,,,,,,,,,,,,,,,,,,,
171,,12.7,,12.7,,,,,24.0,,,,,,,,,,,,,,,,,,,
172,,15.3,,15.3,,,,,24.0,,,,,,,,,,,,,,,,,,,
173,,21.33,,21.33,,,,,24.0,,,,,,,,,,,,,,,,,,,
174,,19.4,,19.4,,,,,22.01,,,,,,,,,,,,,,,,,,,
175,,18.02,,18.02,,,,,14.28,,,,,,,,,,,,,,,,,,,
176,,13.4,,13.4,,,,,20.13,,,,,,,,,,,,,,,,,,,
177,,22.7,,22.7,,,,,19.0,,,,,,,,,,,,,,,,,,,
178,,23.2,,23.2,,,,,16.94,,,,,,,,,,,,,,,,,,,
179,,24.0,,24.0,,,,,18.3,,,,,,,,,,,,,,,,,,,
180,,20.8,,20.8,,,,,16.34,,,,,,,,,,,,,,,,,,,
181,,15.6,,15.6,,,,,17.64,,,,,,,,,,,,,,,,,,,
182,,11.1,,11.1,,,,,18.9,,,,,,,,,,,,,,,,,,,
183,,9.13,,9.13,,,,,16.58,,,,,,,,,,,,,,,,,,,
184,,9.13,,9.13,,,,,21.5,,,,,,,,,,,,,,,,,,,
185,,9.33,,9.33,,,,,20.13,,,,,,,,,,,,,,,,,,,
186,,10.78,,10.78,,,,,20.41,,,,,,,,,,,,,,,,,,,
187,,8.36,,8.36,,,,,14.5,,,,,,,,,,,,,,,,,,,
188,,7.64,,7.64,,,,,15.0,,,,,,,,,,,,,,,,,,,
189,,14.4,,14.4,,,,,16.96,,,,,,,,,,,,,,,,,,,
190,,16.8,,16.8,,,,,11.02,,,,,,,,,,,,,,,,,,,
191,,15.1,,15.1,,,,,18.18,,,,,,,,,,,,,,,,,,,
192,,9.5,,9.5,,,,,21.9,,,,,,,,,,,,,,,,,,,
193,,12.7,,12.7,,,,,19.0,,,,,,,,,,,,,,,,,,,
194,,18.7,,18.7,,,,,18.3175,,,,,,,,,,,,,,,,,,,
195,,19.0,,19.0,,,,,20.3,,,,,,,,,,,,,,,,,,,
196,,16.7,,16.7,,,,,17.3,,,,,,,,,,,,,,,,,,,
197,,14.8,,14.8,,,,,17.4,,,,,,,,,,,,,,,,,,,
198,,17.0,,17.0,,,,,,,,,,,,,,,,,,,,,,,,
199,,15.2,,15.2,,,,,,,,,,,,,,,,,,,,,,,,
200,,19.5,,19.5,,,,,,,,,,,,,,,,,,,,,,,,
201,,17.0,,17.0,,,,,,,,,,,,,,,,,,,,,,,,
202,,16.6,,16.6,,,,,,,,,,,,,,,,,,,,,,,,
203,,16.9,,16.9,,,,,,,,,,,,,,,,,,,,,,,,
204,,16.6,,16.6,,,,,,,,,,,,,,,,,,,,,,,,
205,,20.9,,20.9,,,,,,,,,,,,,,,,,,,,,,,,
206,,18.06,,18.06,,,,,,,,,,,,,,,,,,,,,,,,
207,,17.18,,17.18,,,,,,,,,,,,,,,,,,,,,,,,
208,,12.0,,12.0,,,,,,,,,,,,,,,,,,,,,,,,
209,,17.5,,17.5,,,,,,,,,,,,,,,,,,,,,,,,
210,,14.9,,14.9,,,,,,,,,,,,,,,,,,,,,,,,
211,,14.8,,14.8,,,,,,,,,,,,,,,,,,,,,,,,
212,,20.13,,20.13,,,,,,,,,,,,,,,,,,,,,,,,
213,,17.39,,17.39,,,,,,,,,,,,,,,,,,,,,,,,
214,,18.0,,18.0,,,,,,,,,,,,,,,,,,,,,,,,
215,,23.0,,23.0,,,,,,,,,,,,,,,,,,,,,,,,
216,,21.0,,21.0,,,,,,,,,,,,,,,,,,,,,,,,
217,,18.49,,18.49,,,,,,,,,,,,,,,,,,,,,,,,
218,,20.41,,20.41,,,,,,,,,,,,,,,,,,,,,,,,
219,,17.69,,17.69,,,,,,,,,,,,,,,,,,,,,,,,
220,,16.88,,14.28,,,,,,,,,,,,,,,,,,,,,,,,
221,,17.5,,,,,,,,,,,,,,,,,,,,,,,,,,
222,,14.31,,,,,,,,,,,,,,,,,,,,,,,,,,
223,,20.7,,,,,,,,,,,,,,,,,,,,,,,,,,
224,,18.03,,,,,,,,,,,,,,,,,,,,,,,,,,
225,,17.23,,,,,,,,,,,,,,,,,,,,,,,,,,
226,,24.9,,,,,,,,,,,,,,,,,,,,,,,,,,
227,,20.03,,,,,,,,,,,,,,,,,,,,,,,,,,
228,,17.64,,,,,,,,,,,,,,,,,,,,,,,,,,
229,,19.96,,,,,,,,,,,,,,,,,,,,,,,,,,
230,,17.3,,,,,,,,,,,,,,,,,,,,,,,,,,
231,,17.3,,,,,,,,,,,,,,,,,,,,,,,,,,
232,,16.497,,,,,,,,,,,,,,,,,,,,,,,,,,
233,,13.89,,,,,,,,,,,,,,,,,,,,,,,,,,
234,,28.9,,,,,,,,,,,,,,,,,,,,,,,,,,
235,,15.59,,,,,,,,,,,,,,,,,,,,,,,,,,
236,,14.09,,,,,,,,,,,,,,,,,,,,,,,,,,
237,,21.9,,,,,,,,,,,,,,,,,,,,,,,,,,
238,,16.98,,,,,,,,,,,,,,,,,,,,,,,,,,
239,,26.9,,,,,,,,,,,,,,,,,,,,,,,,,,
240,,19.0,,,,,,,,,,,,,,,,,,,,,,,,,,
241,,18.3,,,,,,,,,,,,,,,,,,,,,,,,,,
242,,7.3,,,,,,,,,,,,,,,,,,,,,,,,,,
243,,13.5,,,,,,,,,,,,,,,,,,,,,,,,,,
244,,19.018,,,,,,,,,,,,,,,,,,,,,,,,,,
245,,17.9,,,,,,,,,,,,,,,,,,,,,,,,,,
246,,19.3,,,,,,,,,,,,,,,,,,,,,,,,,,
247,,16.34,,,,,,,,,,,,,,,,,,,,,,,,,,
248,,17.0,,,,,,,,,,,,,,,,,,,,,,,,,,
249,,13.7,,,,,,,,,,,,,,,,,,,,,,,,,,
250,,21.1,,,,,,,,,,,,,,,,,,,,,,,,,,
251,,18.78,,,,,,,,,,,,,,,,,,,,,,,,,,
252,,21.7,,,,,,,,,,,,,,,,,,,,,,,,,,
253,,18.64,,,,,,,,,,,,,,,,,,,,,,,,,,
254,,18.8,,,,,,,,,,,,,,,,,,,,,,,,,,
255,,18.1,,,,,,,,,,,,,,,,,,,,,,,,,,
256,,20.6,,,,,,,,,,,,,,,,,,,,,,,,,,
257,,19.2,,,,,,,,,,,,,,,,,,,,,,,,,,
258,,19.0,,,,,,,,,,,,,,,,,,,,,,,,,,
259,,15.12,,,,,,,,,,,,,,,,,,,,,,,,,,
260,,18.2,,,,,,,,,,,,,,,,,,,,,,,,,,
261,,17.0,,,,,,,,,,,,,,,,,,,,,,,,,,
262,,17.78,,,,,,,,,,,,,,,,,,,,,,,,,,
263,,20.0,,,,,,,,,,,,,,,,,,,,,,,,,,
264,,18.656,,,,,,,,,,,,,,,,,,,,,,,,,,
265,,13.8,,,,,,,,,,,,,,,,,,,,,,,,,,
266,,18.9,,,,,,,,,,,,,,,,,,,,,,,,,,
267,,17.2,,,,,,,,,,,,,,,,,,,,,,,,,,
268,,18.1,,,,,,,,,,,,,,,,,,,,,,,,,,
269,,20.0,,,,,,,,,,,,,,,,,,,,,,,,,,
270,,20.0,,,,,,,,,,,,,,,,,,,,,,,,,,
271,,15.4,,,,,,,,,,,,,,,,,,,,,,,,,,
272,,15.1,,,,,,,,,,,,,,,,,,,,,,,,,,
273,,19.01,,,,,,,,,,,,,,,,,,,,,,,,,,
274,,18.9,,,,,,,,,,,,,,,,,,,,,,,,,,
275,,11.73,,,,,,,,,,,,,,,,,,,,,,,,,,
276,,18.3,,,,,,,,,,,,,,,,,,,,,,,,,,
277,,20.6,,,,,,,,,,,,,,,,,,,,,,,,,,
278,,19.76,,,,,,,,,,,,,,,,,,,,,,,,,,
279,,18.2,,,,,,,,,,,,,,,,,,,,,,,,,,
280,,18.3,,,,,,,,,,,,,,,,,,,,,,,,,,
281,,17.3,,,,,,,,,,,,,,,,,,,,,,,,,,
282,,21.5,,,,,,,,,,,,,,,,,,,,,,,,,,
283,,18.48,,,,,,,,,,,,,,,,,,,,,,,,,,
284,,20.14,,,,,,,,,,,,,,,,,,,,,,,,,,
285,,13.8,,,,,,,,,,,,,,,,,,,,,,,,,,
286,,16.3,,,,,,,,,,,,,,,,,,,,,,,,,,
287,,19.446,,,,,,,,,,,,,,,,,,,,,,,,,,
288,,20.41,,,,,,,,,,,,,,,,,,,,,,,,,,
289,,20.56,,,,,,,,,,,,,,,,,,,,,,,,,,
290,,21.1,,,,,,,,,,,,,,,,,,,,,,,,,,
291,,12.3,,,,,,,,,,,,,,,,,,,,,,,,,,
292,,16.37,,,,,,,,,,,,,,,,,,,,,,,,,,
293,,18.495,,,,,,,,,,,,,,,,,,,,,,,,,,
294,,20.91,,,,,,,,,,,,,,,,,,,,,,,,,,
295,,11.58,,,,,,,,,,,,,,,,,,,,,,,,,,
296,,16.56,,,,,,,,,,,,,,,,,,,,,,,,,,
297,,19.33,,,,,,,,,,,,,,,,,,,,,,,,,,
298,,14.63,,,,,,,,,,,,,,,,,,,,,,,,,,
299,,19.072,,,,,,,,,,,,,,,,,,,,,,,,,,
300,,18.9,,,,,,,,,,,,,,,,,,,,,,,,,,
301,,18.0,,,,,,,,,,,,,,,,,,,,,,,,,,
302,,17.76,,,,,,,,,,,,,,,,,,,,,,,,,,
303,,20.41,,,,,,,,,,,,,,,,,,,,,,,,,,
304,,34.8,,,,,,,,,,,,,,,,,,,,,,,,,,
305,,21.0,,,,,,,,,,,,,,,,,,,,,,,,,,
306,,26.0,,,,,,,,,,,,,,,,,,,,,,,,,,
307,,12.79,,,,,,,,,,,,,,,,,,,,,,,,,,
308,,17.8,,,,,,,,,,,,,,,,,,,,,,,,,,
309,,19.6,,,,,,,,,,,,,,,,,,,,,,,,,,
310,,11.4,,,,,,,,,,,,,,,,,,,,,,,,,,
311,,22.0,,,,,,,,,,,,,,,,,,,,,,,,,,
312,,20.7,,,,,,,,,,,,,,,,,,,,,,,,,,
313,,20.84,,,,,,,,,,,,,,,,,,,,,,,,,,
314,,16.4,,,,,,,,,,,,,,,,,,,,,,,,,,
315,,19.2,,,,,,,,,,,,,,,,,,,,,,,,,,
316,,19.2,,,,,,,,,,,,,,,,,,,,,,,,,,
317,,18.18,,,,,,,,,,,,,,,,,,,,,,,,,,
318,,17.6,,,,,,,,,,,,,,,,,,,,,,,,,,
319,,19.3,,,,,,,,,,,,,,,,,,,,,,,,,,
320,,15.47,,,,,,,,,,,,,,,,,,,,,,,,,,
321,,20.1,,,,,,,,,,,,,,,,,,,,,,,,,,
322,,19.478,,,,,,,,,,,,,,,,,,,,,,,,,,
323,,19.7,,,,,,,,,,,,,,,,,,,,,,,,,,
324,,14.3,,,,,,,,,,,,,,,,,,,,,,,,,,
325,,15.1,,,,,,,,,,,,,,,,,,,,,,,,,,
326,,15.506,,,,,,,,,,,,,,,,,,,,,,,,,,
327,,15.96,,,,,,,,,,,,,,,,,,,,,,,,,,
328,,16.2,,,,,,,,,,,,,,,,,,,,,,,,,,
329,,14.3,,,,,,,,,,,,,,,,,,,,,,,,,,
330,,14.943,,,,,,,,,,,,,,,,,,,,,,,,,,
331,,17.6,,,,,,,,,,,,,,,,,,,,,,,,,,
332,,31.5,,,,,,,,,,,,,,,,,,,,,,,,,,
333,,19.0,,,,,,,,,,,,,,,,,,,,,,,,,,
334,,14.0,,,,,,,,,,,,,,,,,,,,,,,,,,
335,,16.8,,,,,,,,,,,,,,,,,,,,,,,,,,
336,,21.667,,,,,,,,,,,,,,,,,,,,,,,,,,
337,,23.892,,,,,,,,,,,,,,,,,,,,,,,,,,
338,,19.0,,,,,,,,,,,,,,,,,,,,,,,,,,
339,,23.2,,,,,,,,,,,,,,,,,,,,,,,,,,
340,,29.4,,,,,,,,,,,,,,,,,,,,,,,,,,
341,,13.0,,,,,,,,,,,,,,,,,,,,,,,,,,
342,,15.9,,,,,,,,,,,,,,,,,,,,,,,,,,
343,,22.01,,,,,,,,,,,,,,,,,,,,,,,,,,
344,,18.4,,,,,,,,,,,,,,,,,,,,,,,,,,
345,,18.1,,,,,,,,,,,,,,,,,,,,,,,,,,
346,,17.83,,,,,,,,,,,,,,,,,,,,,,,,,,
347,,20.8,,,,,,,,,,,,,,,,,,,,,,,,,,
348,,12.65,,,,,,,,,,,,,,,,,,,,,,,,,,
349,,14.95,,,,,,,,,,,,,,,,,,,,,,,,,,
350,,17.54,,,,,,,,,,,,,,,,,,,,,,,,,,
351,,13.64,,,,,,,,,,,,,,,,,,,,,,,,,,
352,,14.3,,,,,,,,,,,,,,,,,,,,,,,,,,
353,,7.0,,,,,,,,,,,,,,,,,,,,,,,,,,
354,,17.04,,,,,,,,,,,,,,,,,,,,,,,,,,
355,,18.0,,,,,,,,,,,,,,,,,,,,,,,,,,
356,,15.0,,,,,,,,,,,,,,,,,,,,,,,,,,
357,,21.32,,,,,,,,,,,,,,,,,,,,,,,,,,
358,,17.57,,,,,,,,,,,,,,,,,,,,,,,,,,
359,,31.6,,,,,,,,,,,,,,,,,,,,,,,,,,
360,,13.66,,,,,,,,,,,,,,,,,,,,,,,,,,
361,,12.18,,,,,,,,,,,,,,,,,,,,,,,,,,
362,,11.0,,,,,,,,,,,,,,,,,,,,,,,,,,
363,,15.3,,,,,,,,,,,,,,,,,,,,,,,,,,
364,,14.4,,,,,,,,,,,,,,,,,,,,,,,,,,
365,,22.0,,,,,,,,,,,,,,,,,,,,,,,,,,
366,,20.56,,,,,,,,,,,,,,,,,,,,,,,,,,
367,,19.6,,,,,,,,,,,,,,,,,,,,,,,,,,
368,,15.1,,,,,,,,,,,,,,,,,,,,,,,,,,
369,,13.78,,,,,,,,,,,,,,,,,,,,,,,,,,
370,,26.9,,,,,,,,,,,,,,,,,,,,,,,,,,
371,,27.5,,,,,,,,,,,,,,,,,,,,,,,,,,
372,,21.0,,,,,,,,,,,,,,,,,,,,,,,,,,
373,,12.156,,,,,,,,,,,,,,,,,,,,,,,,,,
374,,25.83,,,,,,,,,,,,,,,,,,,,,,,,,,
375,,13.2,,,,,,,,,,,,,,,,,,,,,,,,,,
376,,17.4,,,,,,,,,,,,,,,,,,,,,,,,,,
377,,17.6,,,,,,,,,,,,,,,,,,,,,,,,,,
378,,20.0,,,,,,,,,,,,,,,,,,,,,,,,,,
379,,22.0,,,,,,,,,,,,,,,,,,,,,,,,,,
380,,21.0,,,,,,,,,,,,,,,,,,,,,,,,,,
381,,16.3,,,,,,,,,,,,,,,,,,,,,,,,,,
382,,16.0,,,,,,,,,,,,,,,,,,,,,,,,,,
383,,18.5,,,,,,,,,,,,,,,,,,,,,,,,,,
384,,17.0,,,,,,,,,,,,,,,,,,,,,,,,,,
385,,29.8,,,,,,,,,,,,,,,,,,,,,,,,,,
386,,17.2,,,,,,,,,,,,,,,,,,,,,,,,,,
387,,14.28,,,,,,,,,,,,,,,,,,,,,,,,,,
